<?xml version="1.0" encoding="UTF-8"?>
<beans xmlns="http://www.springframework.org/schema/beans"
       xmlns:xsi="http://www.w3.org/2001/XMLSchema-instance"
       xmlns:aop="http://www.springframework.org/schema/aop"
       xsi:schemaLocation="http://www.springframework.org/schema/beans http://www.springframework.org/schema/beans/spring-beans-4.0.xsd
		http://www.springframework.org/schema/aop http://www.springframework.org/schema/aop/spring-aop-4.0.xsd">

    <!-- Enable AspectJ style of Spring AOP -->
    <aop:aspectj-autoproxy/>

    <!-- Configure Employee Bean and initialize it -->
    <bean name="employee" class="com.thunisoft.spring.model.Employee">
        <property name="name" value="Dummy Name"/>
    </bean>

    <!-- Configure EmployeeService bean -->
    <bean name="employeeService" class="com.thunisoft.spring.service.EmployeeService">
        <property name="employee" ref="employee"/>
    </bean>

    <!-- Configure Aspect Beans, without this Aspects advices wont execute -->
    <!-- 简单的前置通知 -->
    <!--<bean name="employeeAspect" class="com.thunisoft.spring.aspect.EmployeeAspect"/>-->
    <!-- 定义了切点的前置通知 -->
    <!--<bean name="employeeAspectPointcut" class="com.thunisoft.spring.aspect.EmployeeAspectPointcut"/>-->
    <!-- 带参数的前置通知-->
    <!--<bean name="employeeAspectJoinPoint" class="com.thunisoft.spring.aspect.EmployeeAspectJoinPoint"/>-->
    <!-- 后置通知 -->
    <bean name="employeeAfterAspect" class="com.thunisoft.spring.aspect.EmployeeAfterAspect"/>
    <!-- 环绕通知 -->
    <!--<bean name="employeeAroundAspect" class="com.thunisoft.spring.aspect.EmployeeAroundAspect"/>-->
    <!-- 自定义注解 -->
    <!--<bean name="employeeAnnotationAspect" class="com.thunisoft.spring.aspect.EmployeeAnnotationAspect"/>-->
    <!-- xml方式 -->
    <!--<bean name="employeeXMLConfigAspect" class="com.thunisoft.spring.aspect.EmployeeXMLConfigAspect"/>-->

    <!-- Spring AOP XML Configuration -->
    <!--<aop:config>-->
        <!--<aop:aspect ref="employeeXMLConfigAspect" id="employeeXMLConfigAspectID" order="1">-->
            <!--<aop:pointcut expression="execution(* *.getName())" id="getNamePointcut"/>-->
            <!--<aop:around method="employeeAroundAdvice" pointcut-ref="getNamePointcut" arg-names="proceedingJoinPoint"/>-->
        <!--</aop:aspect>-->
    <!--</aop:config>-->
</beans>
